TIC,our_period,our_classification,score,discovery_category,confidence_95_lower,confidence_95_upper,fetherolf_period,fetherolf_period_error,fetherolf_type,match_type,fractional_diff,within_ci,harmonic_ratio
6352247,0.0376760462091461,ULTRA_SHORT,53,cross_listed,0.0376752634315607,0.0376761676740527,0.037676,2.2e-05,Unknown,direct,1.2264860766786251e-06,True,
103452621,0.0562557673696293,ULTRA_SHORT,53,cross_listed,0.0562595930984746,0.0562636444373919,0.056261,4.7e-05,Unknown,direct,9.301500300084541e-05,True,
270240979,0.140303115352231,SHORT,32,cross_listed,0.140203260595176,0.140224027419008,0.140214,0.000313,Unknown,direct,0.0006351630326045932,True,
307981451,0.0334989947408173,ULTRA_SHORT,53,cross_listed,0.0335019247688543,0.0335029967618393,0.033503,1.7e-05,Unknown,direct,0.00011956356343485272,False,
286917658,0.160894753781783,SHORT,38,cross_listed,0.160803383474452,0.16081305911386,0.160809,0.000362,Unknown,direct,0.0005329805961187451,True,
139722169,0.472763381880083,SHORT,41,cross_listed,0.471955283888569,0.472104499692766,0.472001,0.00313,Unknown,direct,0.0016126077215438065,True,
424717049,0.120638061682514,SHORT,42,cross_listed,0.120603809515568,0.120621174380354,0.12062,0.000212,Unknown,direct,0.0001497179435916576,True,
70797886,0.306950755249908,SHORT,35,cross_listed,0.307138727910843,0.30717315306068,0.307157,0.00128,Unknown,direct,0.0006719147829562879,True,
284473460,0.0296771665697019,ULTRA_SHORT,53,cross_listed,0.0296772852812172,0.0296784724486072,0.019486,5e-06,Unknown,disagreement,0.343400928985798,False,
237924601,0.5,SHORT,35,cross_listed,0.50120793608657,0.501583833302672,1.00361,0.0167,Unknown,harmonic_2x,0.003609999999999891,False,2.0
72944678,0.430110473125151,SHORT,44,cross_listed,0.429501439806688,0.429591070267169,0.429552,0.00282,Unknown,direct,0.0012984411216336582,True,
50379749,0.0539813834956698,ULTRA_SHORT,53,published,0.0539729635449578,0.0539742587510198,0.053974,4.1e-05,Unknown,direct,0.0001367785557105784,True,
27985321,0.0456121462070476,ULTRA_SHORT,53,cross_listed,0.045617072949461,0.0456188979389772,0.045618,3e-05,Unknown,direct,0.0001283384676929282,True,
413025550,0.108841588356019,SHORT,34,published,0.108878034916125,0.108893298149613,0.108886,0.000171,Unknown,direct,0.0004080392858264056,True,
39011225,0.184233802609272,SHORT,35,published,0.18436426138158,0.18441903680631,0.184391,0.000461,Unknown,direct,0.0008532494498927093,True,
388684352,0.213286116562847,SHORT,33,published,0.2130815116067,0.213147141846868,0.213114,0.000645,Unknown,direct,0.0008069749950005547,True,
103304597,0.0515243965286224,ULTRA_SHORT,52,cross_listed,0.051524602631155,0.0515272924211967,0.051526,4e-05,Unknown,direct,3.112062412431609e-05,True,
159502465,0.0504988948483623,ULTRA_SHORT,58,published,0.0504978285612569,0.0505002525152027,0.050502,3.7e-05,Unknown,direct,6.148949688944334e-05,False,
167692491,0.21042874004305,SHORT,46,published,0.210429129551305,0.210434183853422,0.210428,0.000662,Unknown,direct,3.516834486846606e-06,False,
167814740,0.401655150249076,SHORT,43,cross_listed,0.402175817791072,0.402376464784041,0.386169,0.00276,Unknown,direct,0.03855583636727347,False,
22529346,0.424975382944573,SHORT,32,published,0.424880403472202,0.425112003078365,1.34966,0.0276,Unknown,disagreement,2.1758545416171273,False,
121108244,0.197510865270644,SHORT,57,published,0.197551166514638,0.19755907064799,0.197556,0.000557,Unknown,direct,0.00022851770354089286,True,
25563502,0.0350271164113847,ULTRA_SHORT,58,published,0.0350311801095514,0.0350317406936419,0.035032,1.9e-05,Unknown,direct,0.00013942308461658686,False,
141542755,0.0440156032555161,ULTRA_SHORT,60,published,0.0440156007155729,0.0440159528770035,0.044016,2.7e-05,Unknown,direct,9.013723646924003e-06,False,
53992511,0.310612650677271,SHORT,35,published,0.310460956464632,0.310538182136779,0.310461,0.00148,Unknown,direct,0.0004882308461691938,True,
294159330,0.31886315677255,SHORT,44,cross_listed,0.31865375479915,0.318799017622194,0.318828,0.00183,Unknown,direct,0.0001102566157402828,False,
232633870,0.32927150573047,SHORT,34,cross_listed,0.329181900630269,0.329330786457647,0.329273,0.00162,Unknown,direct,4.538107622417104e-06,True,
88459699,0.145193145512634,SHORT,33,published,0.145099699437275,0.145123513860366,0.145112,0.000304,Unknown,direct,0.0005588797759528849,True,
308994213,0.0296096665284606,ULTRA_SHORT,53,cross_listed,0.0296119170791696,0.0296125153098817,0.029612,1.3e-05,Unknown,direct,7.880776155162322e-05,True,
149598862,0.277506383923615,SHORT,40,published,0.277256847769899,0.2772745777405,0.277265,0.00138,Unknown,direct,0.0008698319663934068,True,
270623499,0.366334456983731,SHORT,41,cross_listed,0.366640974969165,0.366705717300568,0.366592,0.00199,Unknown,direct,0.0007030270054023198,False,
196263208,0.0740570649758526,ULTRA_SHORT,53,cross_listed,0.0740656567638729,0.0740674346240929,0.074067,8.4e-05,Unknown,direct,0.00013415363072563652,True,
277298434,0.410718300777593,SHORT,44,published,0.410684982291738,0.41082129900643,0.410647,0.00255,Unknown,direct,0.00017360019618812108,False,
236771221,0.0302284518727249,ULTRA_SHORT,54,cross_listed,0.0302263964366584,0.0302273636658687,0.030227,1.3e-05,Unknown,direct,4.803000600268423e-05,True,
363075229,0.0335466275121921,ULTRA_SHORT,54,cross_listed,0.0335472401132711,0.0335477768605249,0.033547,1.7e-05,Unknown,direct,1.110358433998438e-05,False,
140867383,0.048568874725531,ULTRA_SHORT,53,cross_listed,0.0485772301762303,0.0485803399150547,0.048577,3.4e-05,Unknown,direct,0.0001672938587710293,False,
332079835,0.435225491903186,SHORT,35,cross_listed,0.434846211458877,0.434924518117174,0.434889,0.00305,Unknown,direct,0.0007731438287645521,True,
354785188,0.26280096730102,SHORT,41,cross_listed,0.262556155062541,0.262668632201605,0.262617,0.00109,Unknown,direct,0.0007000252050414725,True,
364398342,0.392571069577509,SHORT,45,published,0.392859984644991,0.393184528354108,0.39294,0.0024,Unknown,direct,0.0009397799559913579,True,
157036559,0.0309470452041056,ULTRA_SHORT,53,cross_listed,0.030950883190381,0.030952121453549,0.030951,1.7e-05,Unknown,direct,0.000127792358472879,True,
464415840,0.421145745577085,SHORT,38,cross_listed,0.421292189698012,0.421520822852224,0.89992,0.0105,Unknown,disagreement,1.1368374474894984,False,
309150857,0.349140941472273,SHORT,47,cross_listed,0.348652052458911,0.34879966940622,0.348719,0.00175,Unknown,direct,0.0012085133026614359,True,
219117956,0.153315340734834,SHORT,52,cross_listed,0.153374851367377,0.153392682874832,0.153383,0.000378,Unknown,direct,0.00044130786157282073,True,
410211461,0.0324817091395823,ULTRA_SHORT,58,cross_listed,0.03247716224593,0.0324778182196595,0.032477,1.5e-05,Unknown,direct,0.00014497819563823546,False,
308582697,0.495244699821676,SHORT,43,cross_listed,0.494472417991872,0.494989874222175,0.494742,0.00352,Unknown,direct,0.0010150534106816464,True,
141525324,0.362509064539521,SHORT,38,cross_listed,0.362393023978214,0.362629459928125,0.725174,0.00831,Unknown,harmonic_2x,0.0002149889978006899,False,2.0
395579805,0.472763381880083,SHORT,33,cross_listed,0.472021160992208,0.472291175726,0.472175,0.00365,Unknown,direct,0.0012445589117818382,True,
287151185,0.0313570272609803,ULTRA_SHORT,53,published,0.0313566509736429,0.0313576544266121,0.03136,1.6e-05,Unknown,direct,9.480296059173017e-05,False,
160490168,0.0386255814312868,ULTRA_SHORT,55,cross_listed,0.0386288263175952,0.0386294444529925,0.03863,2.2e-05,Unknown,direct,0.00011439487897576532,False,
320783715,0.408346840923889,SHORT,45,published,0.410098941725956,0.410236967958657,0.410183,0.00253,Unknown,direct,0.004496567359151551,True,
393980012,0.0652423585915272,ULTRA_SHORT,55,published,0.0652415756769608,0.065242619567225,0.065242,6.6e-05,Unknown,direct,5.496299259399295e-06,True,
102848002,0.0538696954675747,ULTRA_SHORT,53,cross_listed,0.0538627901206339,0.0538660325041052,0.053864,4.2e-05,Unknown,direct,0.00010572674534849387,True,
469981019,0.365050387030816,SHORT,37,cross_listed,0.364935065243764,0.365025564795966,0.364985,0.00186,Unknown,direct,0.00017911782356354287,True,
309658221,0.100498572634796,SHORT,33,cross_listed,0.100503376793894,0.100511840463093,0.100588,0.000188,Unknown,direct,0.0008898371674289063,False,
298649058,0.381079432840372,SHORT,38,cross_listed,0.380744295015215,0.380850993851555,0.38107,0.00232,Unknown,direct,2.475295059001881e-05,False,
70788050,0.343385080368182,SHORT,43,cross_listed,0.342907537829338,0.343002419237931,0.342961,0.00165,Unknown,direct,0.0012349993998786253,True,
271698144,0.419449572075852,SHORT,41,published,0.418638819982051,0.418823083983742,0.419022,0.0032,Unknown,direct,0.0010193646729353624,False,
198383073,0.0722586800034691,ULTRA_SHORT,53,cross_listed,0.0722595471353774,0.0722647503639069,0.07226,7.9e-05,Unknown,direct,1.826765353083837e-05,True,
459189807,0.100112148035407,SHORT,35,cross_listed,0.100059715695735,0.100070958011675,0.100081,0.00014,Unknown,direct,0.00031113142628779963,False,
259931869,0.0358963679970128,ULTRA_SHORT,53,cross_listed,0.0358956500696529,0.0358967987672134,0.035896,1.8e-05,Unknown,direct,1.0251650329371743e-05,True,
445067946,0.204090797746387,SHORT,39,published,0.20421414555726,0.204222319550614,0.204218,0.000597,Unknown,direct,0.0006232630526099468,True,
316667338,0.0830315915357273,ULTRA_SHORT,54,cross_listed,0.083040211283379,0.0830478692436533,0.083045,0.000101,Unknown,direct,0.00016148629725984095,True,
239661117,0.191694148324258,SHORT,38,published,0.191753938401114,0.191767827000027,0.19176,0.000561,Unknown,direct,0.00034352470494108624,True,
15833513,0.0212140244264702,ULTRA_SHORT,54,published,0.0195902718586837,0.019590637307311,0.01959,5e-06,Unknown,disagreement,0.07655428285657076,False,
57917921,0.032706122502388,ULTRA_SHORT,53,cross_listed,0.032705468379938,0.0327075616638845,0.032706,1.6e-05,Unknown,direct,3.7455491092068867e-06,True,
288296337,0.279742585338556,SHORT,38,cross_listed,0.279539020956666,0.279664445569829,0.559322,0.00486,Unknown,harmonic_2x,0.000291644328864959,False,2.0
377099704,0.494700079175733,SHORT,33,cross_listed,0.494266725449771,0.494706942816871,0.493448,0.00378,Unknown,direct,0.0025309864065904525,False,
424870548,0.0567462029196086,ULTRA_SHORT,58,cross_listed,0.0567357519859795,0.0567407670463136,0.056738,4.9e-05,Unknown,direct,0.0001445545109022414,True,
229404121,0.49815766376136,SHORT,50,cross_listed,0.498306439856866,0.498726363427095,0.498519,0.00384,Unknown,direct,0.0007253451365411151,True,
459192460,0.307858110604754,SHORT,41,cross_listed,0.307982168480405,0.308151661793108,0.616163,0.00593,Unknown,harmonic_2x,0.0007256245249059592,False,2.0
425447475,0.0613600098195655,ULTRA_SHORT,55,published,0.0613590157846084,0.0613654223590478,0.061363,5.6e-05,Unknown,direct,4.873174634904537e-05,True,
468424445,0.0436616765944067,ULTRA_SHORT,53,published,0.0436670914220396,0.0436686724563485,0.043668,2.7e-05,Unknown,direct,0.0001448273654728972,True,
345143254,0.0450595806817977,ULTRA_SHORT,53,published,0.045064979575048,0.0450682429720622,0.045067,3.1e-05,Unknown,direct,0.0001646557311462834,True,
194487394,0.188882511237954,SHORT,44,published,0.188881425517322,0.188892001946426,0.188885,0.000536,Unknown,direct,1.3176243950236489e-05,True,
375092757,0.490578999018646,SHORT,38,cross_listed,0.489333620242306,0.489809003864667,0.490042,0.00344,Unknown,direct,0.0010946229245854882,False,
233079659,0.120918194572106,SHORT,35,published,0.120902235157877,0.120906611488993,0.120901,0.000204,Unknown,direct,0.0001422000400092489,False,
245860427,0.0626115501395939,ULTRA_SHORT,58,published,0.0626085338449234,0.0626113010661898,0.06261,5.8e-05,Unknown,direct,2.4758045287792223e-05,True,
406173242,0.230262551819438,SHORT,47,cross_listed,0.230183321139361,0.230268216563938,0.230228,0.000812,Unknown,direct,0.00015005401080200515,True,
202278022,0.103187053626718,SHORT,33,published,0.103137134255351,0.103139608457924,0.103136,0.000154,Unknown,direct,0.0004947677535466822,False,
300866996,0.354711465501564,SHORT,43,cross_listed,0.354551216989608,0.354663476087166,0.354645,0.00218,Unknown,direct,0.00018737906165521178,True,
260188633,0.0306329087807096,ULTRA_SHORT,53,cross_listed,0.0306315632237136,0.0306329173616466,0.04866,3.7e-05,Unknown,disagreement,0.588487738736798,False,
416947584,0.277506383923615,SHORT,40,published,0.277788567198279,0.277874408168041,0.277834,0.00118,Unknown,direct,0.0011805713142628745,True,
177313167,0.299880023995201,SHORT,42,cross_listed,0.299528849367809,0.299619948678242,0.299608,0.00133,Unknown,direct,0.0009071094218844686,True,
312471472,0.388181394626495,SHORT,50,published,0.387859620245907,0.388075913489778,0.775987,0.00962,Unknown,harmonic_2x,0.00048403820764202126,False,2.0
306773428,0.0253660620448888,ULTRA_SHORT,53,published,0.0253655352769312,0.0253663469156221,0.025364,9e-06,Unknown,direct,8.129148644157119e-05,False,
238072641,0.312476559569946,SHORT,33,cross_listed,0.312242997136839,0.312325391057304,1.4058,0.0278,Unknown,disagreement,3.498897459491902,False,
234305804,0.319063318964592,SHORT,41,published,0.319067420898296,0.319177819413354,0.319126,0.0014,Unknown,direct,0.00019645327959173754,True,
418257102,0.209426057813155,SHORT,40,published,0.209373294687631,0.209429450641454,0.209397,0.00069,Unknown,direct,0.00013874974995189705,True,
467182891,0.0592312614042987,ULTRA_SHORT,53,cross_listed,0.0592277076707638,0.0592310244754622,0.059229,5.1e-05,Unknown,direct,3.817923584754122e-05,True,
173771603,0.0991589637799024,ULTRA_SHORT,57,published,0.099158567137701,0.0991672939992027,0.099173,0.00016,Unknown,direct,0.0001415527105422085,False,
191926695,0.483742984323592,SHORT,34,published,0.483516500695847,0.483793590214747,0.96951,0.0132,Unknown,harmonic_2x,0.0020920524104821882,False,2.0
352693111,0.371562360636242,SHORT,33,published,0.371819664990503,0.371982337243113,0.371841,0.00219,Unknown,direct,0.0007499127825565193,True,
229676244,0.106023329798515,SHORT,34,published,0.105989391318337,0.105997910992775,0.106004,0.000176,Unknown,direct,0.00018231646328913304,False,
446157830,0.288768259508004,SHORT,50,cross_listed,0.288766339303977,0.288828779648823,0.288801,0.00129,Unknown,direct,0.00011337981553705895,True,
177286026,0.0710751556857281,ULTRA_SHORT,58,cross_listed,0.0710680487387153,0.0710706212905361,0.071094,7.3e-05,Unknown,direct,0.0002651322264453102,False,
401299019,0.153901066367993,SHORT,44,published,0.153895099211598,0.153905588945707,0.153901,0.000363,Unknown,direct,4.312380320452693e-07,True,
458481708,0.0331749465776515,ULTRA_SHORT,53,cross_listed,0.0331721600604761,0.03317428307872,0.027631,1.2e-05,Unknown,disagreement,0.16711244928985697,False,
418241480,0.0359583375293119,ULTRA_SHORT,57,published,0.0359579060258095,0.0359587690431707,0.035958,2e-05,Unknown,direct,9.386677335339937e-06,True,
349920226,0.0318557791570549,ULTRA_SHORT,53,published,0.0318579455406794,0.0318592200216345,0.031858,1.6e-05,Unknown,direct,6.971554310916913e-05,True,
441858208,0.0518063299272494,ULTRA_SHORT,53,published,0.0517961776733803,0.0517978349124234,0.051797,4.1e-05,Unknown,direct,0.00018009241848437278,True,
350332233,0.429836629406707,SHORT,44,published,0.430203169838218,0.430334105582283,0.430261,0.00323,Unknown,direct,0.0009872834566908035,True,
322312832,0.325159359958371,SHORT,33,published,0.325062944407428,0.325212826037059,0.324698,0.00166,Unknown,direct,0.0014188733746740506,False,
349195685,0.240915662650602,SHORT,43,cross_listed,0.240829925482387,0.240892584683275,0.24089,0.0008,Unknown,direct,0.00010652130425914608,True,
284348793,0.0295569936225511,ULTRA_SHORT,53,published,0.0295376285770645,0.0295388099593438,0.491778,0.0035,Unknown,disagreement,15.638295703551801,False,
389917444,0.437051932155971,SHORT,34,cross_listed,0.436999403784043,0.437088648336755,0.436697,0.00318,Unknown,direct,0.0008121052210434423,False,
207438428,0.0880881057268722,ULTRA_SHORT,55,published,0.088052866266408,0.0880645039677737,0.088058,0.000117,Unknown,direct,0.00034176835367024744,True,
323838188,0.438893766461809,SHORT,32,cross_listed,0.439413955112666,0.439669534932732,0.455676,0.00386,Unknown,direct,0.038237575515102144,False,
426960606,0.0315469954941879,ULTRA_SHORT,54,published,0.0315506554434183,0.0315509078850134,0.031551,1.5e-05,Unknown,direct,0.00012693778755698646,False,
229807000,0.374527244769327,SHORT,47,published,0.374470837777502,0.374491823085958,0.374472,0.00195,Unknown,direct,0.00014750534199713784,True,
368237682,0.137161828458541,SHORT,35,published,0.137220560032867,0.137248598760276,0.545722,0.00455,Unknown,disagreement,2.9786725369073936,False,
141826495,0.435225491903186,SHORT,33,cross_listed,0.43525326162362,0.435507968083407,0.419151,0.00298,Unknown,direct,0.03693370954190729,False,
27847920,0.483742984323592,SHORT,34,cross_listed,0.483014583763266,0.483418217477464,0.483388,0.00355,Unknown,direct,0.0007338283656730579,True,
185848237,0.313593605777906,SHORT,33,cross_listed,0.313350496265845,0.31340946861015,0.313615,0.00135,Unknown,direct,6.822276251740321e-05,False,
235982927,0.424579582130117,SHORT,32,cross_listed,0.423867216699207,0.424042055696824,0.423477,0.00286,Unknown,direct,0.0025968797759546836,False,
255744433,0.0511024553843334,ULTRA_SHORT,53,cross_listed,0.0511018210919634,0.0511046834122058,0.051103,4.5e-05,Unknown,direct,1.0657328742879835e-05,True,
256978045,0.193834819697557,SHORT,34,cross_listed,0.193906954527338,0.193920922309115,0.193972,0.000537,Unknown,direct,0.0007077175435097061,False,
272286042,0.032706122502388,ULTRA_SHORT,54,cross_listed,0.0327033753639147,0.0327036369762673,0.032704,1.9e-05,Unknown,direct,6.489617923529328e-05,False,
273322167,0.121786946802363,SHORT,36,cross_listed,0.121780580768621,0.12179812208382,0.767274,0.00875,Unknown,disagreement,5.3001333077603086,False,
300329283,0.0298157310873662,ULTRA_SHORT,53,cross_listed,0.0298151216135489,0.0298158372566196,0.029816,1.3e-05,Unknown,direct,9.0191527758152e-06,False,
286352720,0.164972609068708,SHORT,34,published,0.164932364766819,0.164940280127225,0.164937,0.000388,Unknown,direct,0.0002158483696719193,True,
350094542,0.157301912107179,SHORT,38,cross_listed,0.157296576378828,0.157326855490751,0.157302,0.000382,Unknown,direct,5.587524005025617e-07,True,
385206853,0.0388416652421874,ULTRA_SHORT,53,cross_listed,0.038842131357086,0.0388430636204453,0.038843,2.4e-05,Unknown,direct,3.436407281408918e-05,True,
302038263,0.386739904069318,SHORT,34,cross_listed,0.386792431538244,0.386944757023517,0.773674,0.009,Unknown,harmonic_2x,0.00025106261252152626,False,2.0
186367921,0.0587965467761285,ULTRA_SHORT,53,cross_listed,0.0588076028265809,0.0588128029637472,0.05881,4.8e-05,Unknown,direct,0.00022880976195294698,True,
47124170,0.131283155627922,SHORT,37,cross_listed,0.131256877477582,0.131274281317398,0.131265,0.000247,Unknown,direct,0.00013829365873462007,True,
149853293,0.106456833766344,SHORT,32,cross_listed,0.106467885355576,0.106484967659178,0.106476,0.000183,Unknown,direct,0.00018003760752517974,True,
232625701,0.0639601832186085,ULTRA_SHORT,57,cross_listed,0.0639627289871584,0.0639701627635905,0.53792,0.00441,Unknown,disagreement,7.410232318463687,False,
358615125,0.0579782422119645,ULTRA_SHORT,54,cross_listed,0.0579798656806729,0.0579824286279652,0.057978,4.8e-05,Unknown,direct,4.1776355277125845e-06,False,
459867146,0.0559234813737554,ULTRA_SHORT,53,cross_listed,0.0559145236887991,0.0559183591531822,0.123284,0.000233,Unknown,disagreement,1.2045122544508924,False,
312662432,0.0443118761855798,ULTRA_SHORT,53,cross_listed,0.0443194992919201,0.0443209178336508,0.04432,3e-05,Unknown,direct,0.00018333266653332118,True,
387359292,0.0464254536674158,ULTRA_SHORT,52,cross_listed,0.0464152421099205,0.0464185835796443,0.046417,3.2e-05,Unknown,direct,0.00018209121824338834,True,
219698333,0.167358553732842,SHORT,33,cross_listed,0.167424151830165,0.167434235520934,0.167426,0.000403,Unknown,direct,0.0004030046009220112,True,
258463338,0.0404875678302422,ULTRA_SHORT,53,cross_listed,0.0404828717232001,0.0404848148077748,0.040483,2.6e-05,Unknown,direct,0.00011282056411384049,True,
263933577,0.479290508149569,SHORT,33,cross_listed,0.517329135262413,0.517548566894195,0.517461,0.00385,Unknown,disagreement,0.07963957391478191,True,
89463560,0.392571069577509,SHORT,45,cross_listed,0.393080433396663,0.393168776712294,0.393078,0.00231,Unknown,direct,0.0012913086617324335,False,
34035685,0.144588419043212,SHORT,38,cross_listed,0.144555459739205,0.144582057305455,0.144569,0.000281,Unknown,direct,0.00013430566113463368,True,
317275630,0.0451572690646962,ULTRA_SHORT,53,cross_listed,0.0451493135972515,0.04515130897271,0.045152,3e-05,Unknown,direct,0.00011668253650709166,False,
189585096,0.143000171634533,SHORT,48,published,0.142898997121081,0.142908136953641,0.142904,0.000295,Unknown,direct,0.0006725281056219608,True,
407577880,0.0473542617888335,ULTRA_SHORT,53,cross_listed,0.047357482162028,0.0473597556303635,0.047359,3.2e-05,Unknown,direct,0.00010005881176286118,True,
346073081,0.347974383962133,SHORT,75,cross_listed,0.347901949333141,0.347959073456691,0.347934,0.00184,Unknown,direct,0.00011605441088260168,True,
141903541,0.188995541033405,SHORT,36,cross_listed,0.188977374414426,0.188997831419027,0.188988,0.000512,Unknown,direct,3.990058899679494e-05,True,
376667947,0.472774000726897,SHORT,45,cross_listed,0.47362701071215,0.473784882516802,0.473633,0.00334,Unknown,direct,0.0018169342471927126,True,
444986428,0.0513212738435004,ULTRA_SHORT,53,cross_listed,0.0513161421266534,0.0513173736450994,0.051317,3.7e-05,Unknown,direct,8.327625525105347e-05,True,
32152605,0.265480616038237,SHORT,32,cross_listed,0.265475200252784,0.265598544150402,0.583484,0.00456,Unknown,disagreement,1.197840312062411,False,
56157260,0.0607161075618821,ULTRA_SHORT,53,cross_listed,0.0607204673796055,0.0607284964229296,0.060725,5.3e-05,Unknown,direct,0.00014645929185819952,True,
31153716,0.0411108735341042,ULTRA_SHORT,52,cross_listed,0.0411047899035258,0.0411064339504459,0.041106,2.4e-05,Unknown,direct,0.00011854610922236685,True,
289670788,0.488278960734518,SHORT,34,cross_listed,0.488749929617308,0.489059711303928,0.977736,0.0143,Unknown,harmonic_2x,0.0012063580716153465,False,2.0
357508000,0.0591391348449662,ULTRA_SHORT,53,cross_listed,0.0591358136726771,0.0591412671092335,0.059139,5.2e-05,Unknown,direct,2.2801308567250616e-06,True,
350712873,0.122110647834624,SHORT,41,cross_listed,0.122107515721649,0.122133444773723,0.122112,0.000231,Unknown,direct,1.1073279848878912e-05,True,
321426318,0.308770846201359,SHORT,41,cross_listed,0.308390839413813,0.308435323550865,0.308413,0.00135,Unknown,direct,0.0011589377875578886,True,
145713666,0.0301901980141908,ULTRA_SHORT,53,cross_listed,0.030190136595112,0.0301912294219302,0.030191,1.3e-05,Unknown,direct,2.65644434933104e-05,True,
269742895,0.081210067081344,ULTRA_SHORT,54,cross_listed,0.0812091010830791,0.0812104003247571,0.08121,9.2e-05,Unknown,direct,8.260225167192294e-07,True,
333730653,0.276768907097774,SHORT,42,cross_listed,0.277021500358091,0.277061545359175,0.277042,0.00107,Unknown,direct,0.0009867181436298967,True,
270494308,0.196023841267352,SHORT,33,cross_listed,0.196139605431478,0.196221675920843,0.88849,0.0117,Unknown,disagreement,3.532560908181626,False,
233835247,0.483742984323592,SHORT,43,cross_listed,0.48333407628766,0.48373737288872,0.483532,0.00362,Unknown,direct,0.00043614962992584026,True,
352412700,0.0623145770486899,ULTRA_SHORT,57,cross_listed,0.0623292870546349,0.0623352727731651,0.062332,6.4e-05,Unknown,direct,0.00027959671934357685,True,
14878438,0.0505981902467661,ULTRA_SHORT,58,published,0.0505967735087731,0.0505992022510512,0.050598,3.6e-05,Unknown,direct,3.7599519899201143e-06,True,
86267301,0.433414253511358,SHORT,33,cross_listed,0.432860094941542,0.433139118151339,0.440328,0.00237,Unknown,direct,0.01595182076415222,False,
229588059,0.400112053785817,SHORT,47,published,0.400453086480505,0.400485313563254,0.400633,0.00232,Unknown,direct,0.0013020008001605801,False,
28763683,0.446419003393463,SHORT,58,published,0.445803603819181,0.445892839319784,0.445915,0.00317,Unknown,direct,0.0011289917983594406,False,
112923257,0.236002266074969,SHORT,33,published,0.235850375395401,0.235867347253964,0.23586,0.000858,Unknown,direct,0.0006028165633113568,True,
196604413,0.0880881057268722,ULTRA_SHORT,52,cross_listed,0.0846609451914224,0.0880962459884315,0.088087,0.000113,Unknown,direct,1.2552510501599399e-05,True,
369521705,0.0308919677176157,ULTRA_SHORT,53,cross_listed,0.0308911027494393,0.0308924681861027,0.038945,2.3e-05,Unknown,disagreement,0.26068369473894587,False,
452845635,0.214604619215249,SHORT,43,cross_listed,0.214610628433029,0.214689638012277,0.214651,0.000721,Unknown,direct,0.00021612202440283396,True,
44147832,0.398580768617445,SHORT,41,published,0.398965378934945,0.399151407290381,0.399056,0.00248,Unknown,direct,0.001192308861773338,True,
270474668,0.446135717547062,SHORT,47,cross_listed,0.446283241323332,0.446561995411364,0.446254,0.00307,Unknown,direct,0.0002651266157041385,False,
73460746,0.0811552323127374,ULTRA_SHORT,56,cross_listed,0.0811565146126096,0.081165637956932,0.081161,0.000102,Unknown,direct,7.106981396309248e-05,True,
257047932,0.0327369648072717,ULTRA_SHORT,53,cross_listed,0.0327384053259164,0.0327393286345982,0.032739,1.6e-05,Unknown,direct,6.216803360597395e-05,True,
31223684,0.495244699821676,SHORT,33,cross_listed,0.508529797965695,0.508759661776342,0.508714,0.00395,Unknown,direct,0.027197262652530977,True,
294329266,0.370241445711746,SHORT,45,cross_listed,0.370551084414333,0.37064337945479,0.370471,0.00211,Unknown,direct,0.0006200124024815903,False,
104319359,0.0707853076944861,ULTRA_SHORT,53,cross_listed,0.0708059834551703,0.0708105167426275,0.070808,7.9e-05,Unknown,direct,0.00032057931586365504,True,
445344215,0.428069874978592,SHORT,49,published,0.427994460853137,0.428280764672266,0.428118,0.00292,Unknown,direct,0.00011242328465744808,True,
384534266,0.493218025493262,SHORT,33,cross_listed,0.493888506516219,0.493930179600739,0.493898,0.00367,Unknown,direct,0.0013786489373699945,True,
274393297,0.411169600263201,SHORT,44,published,0.410950477322229,0.411197562256674,0.411202,0.00263,Unknown,direct,7.879895979247251e-05,False,
269462345,0.114535123493562,SHORT,33,cross_listed,0.114577701426288,0.114593338073595,0.114587,0.000203,Unknown,direct,0.00045293098619578464,True,
230115444,0.389356017530805,SHORT,37,cross_listed,0.390195485786364,0.39042398312252,0.390469,0.00221,Unknown,direct,0.002858521299486386,False,
399618982,0.470627000564865,SHORT,32,cross_listed,0.524754992135093,0.525867546293126,0.525372,0.00738,Unknown,disagreement,0.11632354150830243,True,
259100107,0.486000388878087,SHORT,52,cross_listed,0.484825052486839,0.485077656331471,0.484859,0.00341,Unknown,direct,0.002348534906981998,True,
400352342,0.0479207806898138,ULTRA_SHORT,57,cross_listed,0.047909655845994,0.0479133060645753,0.047916,3.8e-05,Unknown,direct,9.976235246967499e-05,False,
386024312,0.438893766461809,SHORT,35,cross_listed,0.437874112473175,0.438140938210659,0.39502,0.00241,Unknown,disagreement,0.09996443288657816,False,
306955329,0.189946044532259,SHORT,38,cross_listed,0.189838973209942,0.189923291269931,0.189916,0.000585,Unknown,direct,0.00015817403480540072,True,
410863165,0.49290080851903,SHORT,33,cross_listed,0.492128839852045,0.492367071938317,0.492251,0.0038,Unknown,direct,0.0013183352670538928,True,
393490554,0.42285569277618,SHORT,36,cross_listed,0.422011231580613,0.422372573371104,0.422174,0.00324,Unknown,direct,0.0016121168233647137,True,
46903632,0.0504511232666572,ULTRA_SHORT,53,cross_listed,0.0504497106465067,0.0504535551774603,0.050451,3.7e-05,Unknown,direct,2.443288656676912e-06,True,
176400189,0.0296602627238314,ULTRA_SHORT,53,published,0.0296575341761163,0.0296584831792498,0.029658,1.3e-05,Unknown,direct,7.628805760990172e-05,True,
340356526,0.388181394626495,SHORT,33,new_variable,0.388756688285907,0.388892771735952,0.388817,0.00239,Unknown,direct,0.001637392678535297,True,
413171931,0.355093052990482,SHORT,47,cross_listed,0.355090141198755,0.355338170622621,0.355216,0.00194,Unknown,direct,0.00034623884776838307,True,
35394022,0.309681352558819,SHORT,34,cross_listed,0.309595881811154,0.30971539849362,0.30969,0.0014,Unknown,direct,2.7923674155893728e-05,True,
86265580,0.299019021414045,SHORT,45,cross_listed,0.298702271209699,0.298770499147173,0.298738,0.00128,Unknown,direct,0.0009398111622333509,True,
302514873,0.438893766461809,SHORT,40,cross_listed,0.439343575417519,0.439590179158913,0.878471,0.0107,Unknown,harmonic_2x,0.0007786247249440918,False,2.0
140598047,0.0663648673764703,ULTRA_SHORT,53,cross_listed,0.0663813169968742,0.0663866559137718,0.066388,8e-05,Unknown,direct,0.00034856731346246636,False,
149154927,0.0543974795797171,ULTRA_SHORT,53,cross_listed,0.0543980603319714,0.0544008997872207,0.054396,4.1e-05,Unknown,direct,2.7199416747445623e-05,False,
150165657,0.0460142986699315,ULTRA_SHORT,53,cross_listed,0.04601281375134,0.0460157586656573,0.046014,3e-05,Unknown,direct,6.490806991198882e-06,True,
177115492,0.0545344139731564,ULTRA_SHORT,54,cross_listed,0.0545326645119564,0.0545361539883373,0.054534,4.6e-05,Unknown,direct,7.591044374368367e-06,True,
75636605,0.0455323799981783,ULTRA_SHORT,53,cross_listed,0.0455218096233027,0.0455238213485918,0.045522,3.2e-05,Unknown,direct,0.00022796959391793392,True,
144282456,0.299880023995201,SHORT,44,cross_listed,0.299531362516003,0.299554162464817,0.299544,0.00125,Unknown,direct,0.0011205281056212441,True,
131431998,0.470627000564865,SHORT,39,cross_listed,0.470145280143885,0.470563661797168,0.97131,0.0124,Unknown,harmonic_2x,0.03193186837367555,False,2.0
49217799,0.0927148633109537,ULTRA_SHORT,62,cross_listed,0.0927063341576281,0.0927085590028553,0.092708,0.00013,Unknown,direct,7.40260052013927e-05,True,
154070829,0.486000388878087,SHORT,33,cross_listed,0.484689664879554,0.485024887438052,0.968284,0.012,Unknown,harmonic_2x,0.003823842368474229,False,2.0
334255247,0.107778879737829,SHORT,33,cross_listed,0.107732769190405,0.107740566433015,0.107736,0.000172,Unknown,direct,0.00039784916983092057,True,
342201547,0.470627000564865,SHORT,42,published,0.470628506726393,0.471062459441652,0.470847,0.0036,Unknown,direct,0.00046746029205922717,True,
357568386,0.0205415540724126,ULTRA_SHORT,53,cross_listed,0.0205413066723565,0.0205416353595582,0.020542,6e-06,Unknown,direct,2.170856137899658e-05,False,
366503571,0.456196386201862,SHORT,34,cross_listed,0.456490371881067,0.456658716762507,0.451851,0.00346,Unknown,direct,0.009525253450690843,False,
139871765,0.0473327399776545,ULTRA_SHORT,54,published,0.0473274297345887,0.0473323707785339,1.61393,0.0368,Unknown,disagreement,33.09754011202239,False,
371738956,0.134331165690332,SHORT,33,cross_listed,0.13436932734253,0.134374703965182,0.134373,0.000283,Unknown,direct,0.0003114266853340865,True,
355361457,0.450279228967754,SHORT,33,cross_listed,0.449570601620097,0.449604808266939,0.449593,0.00314,Unknown,direct,0.001524007601521282,True,
238612881,0.0933799080957896,ULTRA_SHORT,54,published,0.0934120237933751,0.0934206403096089,0.093413,0.000124,Unknown,direct,0.0003543792758550815,True,
157533670,0.301616990466996,SHORT,35,published,0.301817340829667,0.301925201954561,0.301868,0.00145,Unknown,direct,0.0008322128425701697,True,
125442121,0.431618027974443,SHORT,34,cross_listed,0.430940059760281,0.431186918677838,0.431186,0.00294,Unknown,direct,0.0010009497899576927,True,
140804999,0.472763381880083,SHORT,33,published,0.472455146008253,0.472571041807749,0.472465,0.00332,Unknown,direct,0.0006311442288452242,True,
424008045,0.295623891188646,SHORT,55,published,0.295887828410332,0.296038649750405,0.591887,0.00541,Unknown,harmonic_2x,0.0010811332266445924,False,2.0
149039372,0.162908166590628,SHORT,34,published,0.16291465072601,0.162924459362419,0.162849,0.000388,Unknown,direct,0.00036318983796986584,False,
176607817,0.0450595806817977,ULTRA_SHORT,58,cross_listed,0.0450640871806457,0.0450658900325893,0.045065,2.9e-05,Unknown,direct,0.00012027005401081192,True,
131102190,0.0235875319674993,ULTRA_SHORT,53,cross_listed,0.0235863054550854,0.0235868715218878,0.023587,8e-06,Unknown,direct,2.255291058148607e-05,False,
146328742,0.497610989448537,SHORT,41,published,0.51082286997683,0.510957570316715,0.51088,0.00357,Unknown,direct,0.026665429085816632,True,
294157254,0.0481868481425074,ULTRA_SHORT,53,published,0.048187040894526,0.0481899419994301,0.048185,3.3e-05,Unknown,direct,3.835367073469446e-05,False,
355379702,0.0314517245284443,ULTRA_SHORT,58,cross_listed,0.0314546184112158,0.0314551217495377,0.031455,1.5e-05,Unknown,direct,0.00010414282856674609,True,
178782846,0.0431908900831159,ULTRA_SHORT,52,published,0.0431855349696774,0.0431876077592797,0.043186,3e-05,Unknown,direct,0.00011322024404882968,True,
405464399,0.0612877914817448,ULTRA_SHORT,56,published,0.0612821534108696,0.0612841143613407,0.061283,5.5e-05,Unknown,direct,7.818003600648607e-05,True,
5092088,0.495244699821676,SHORT,36,published,0.49486661416674,0.495391834336888,0.495157,0.00369,Unknown,direct,0.0001770838167628648,True,
271058763,0.18554673001262,SHORT,33,published,0.185489598073774,0.185502245687377,0.185493,0.00053,Unknown,direct,0.0002895767153447733,True,
123480394,0.306950755249908,SHORT,38,published,0.306595036578983,0.306674742461437,0.306643,0.00148,Unknown,direct,0.0010026209241851868,True,
22123033,0.481506453477172,SHORT,33,published,0.482391370399021,0.482674549248268,0.482538,0.00352,Unknown,direct,0.0021423316663333205,True,
334695191,0.0321607328967177,ULTRA_SHORT,53,published,0.0321564881553863,0.0321580315680394,0.032157,1.6e-05,Unknown,direct,0.0001160700140039538,True,
260352702,0.5,SHORT,43,cross_listed,0.500891404203038,0.5012330579838,1.00261,0.0155,Unknown,harmonic_2x,0.002610000000000001,False,2.0
405034090,0.365050387030816,SHORT,53,published,0.364736707189037,0.364761563054527,0.364749,0.00205,Unknown,direct,0.0008256039207830258,True,
65472324,0.211553110452814,SHORT,33,published,0.211662245702923,0.211696219959697,0.211679,0.000621,Unknown,direct,0.0005950730146039993,True,
157249586,0.148294274695936,SHORT,34,published,0.148175080286917,0.148211304350718,0.148195,0.000384,Unknown,direct,0.0006694438887783588,True,
25833088,0.460228318909961,SHORT,33,cross_listed,0.460717519446807,0.461145463468594,0.460884,0.00306,Unknown,direct,0.0014246865373081761,True,
110340485,0.38247895944912,SHORT,34,published,0.381741420274367,0.381837535933872,0.381787,0.00225,Unknown,direct,0.0018091438287655348,True,
174793510,0.0643554159478874,ULTRA_SHORT,55,published,0.0643587626704807,0.0643639121542159,0.064361,6.2e-05,Unknown,direct,8.676895379118821e-05,True,
22766740,0.332424524537837,SHORT,35,published,0.332799863736261,0.332954799004124,7.941,1.12,Unknown,disagreement,22.888129225845205,False,
262705230,0.0783795926484233,ULTRA_SHORT,53,cross_listed,0.0784702552490449,0.0784825152980716,0.078476,9.1e-05,Unknown,direct,0.0012300057747065152,True,
467023914,0.148505733468005,SHORT,38,published,0.148574078911213,0.148578270832946,0.148634,0.000338,Unknown,direct,0.0008637143428716586,False,
275911914,0.192758540911545,SHORT,40,published,0.19280169079602,0.192839612318308,0.192817,0.000553,Unknown,direct,0.00030327625524932027,True,
160164102,0.0319707578560641,ULTRA_SHORT,53,cross_listed,0.0319704516205494,0.0319707073698404,0.03197,1.5e-05,Unknown,direct,2.3704663727727966e-05,False,
407514449,0.076281014435255,ULTRA_SHORT,60,cross_listed,0.0762657457288029,0.0762715565730827,0.076267,8.8e-05,Unknown,direct,0.00018372114422914978,True,
354119540,0.440881828352692,SHORT,38,cross_listed,0.440856733542484,0.441061792199417,0.881436,0.0112,Unknown,harmonic_2x,0.00037159243624112706,False,2.0
167654878,0.247206013252893,SHORT,45,new_variable,0.246950167762182,0.246958062399227,0.246953,0.000907,Unknown,direct,0.0010234914983000309,True,
318068449,0.0549497658671708,ULTRA_SHORT,53,cross_listed,0.0549473481354982,0.0549508649064498,0.054949,4.5e-05,Unknown,direct,1.3937587516779546e-05,True,
156169159,0.372892734596449,SHORT,33,cross_listed,0.37257231599632,0.372655720817734,0.372609,0.00195,Unknown,direct,0.0007609013802750643,True,
278659026,0.0464254536674158,ULTRA_SHORT,55,cross_listed,0.0464308397525488,0.0464326973130696,0.046431,3e-05,Unknown,direct,0.00011946749349896287,True,
47428257,0.442624402337524,SHORT,36,cross_listed,0.442558902309982,0.442909819161623,0.888889,0.0123,Unknown,harmonic_2x,0.004112059011803241,False,2.0
336823975,0.365050387030816,SHORT,33,cross_listed,0.364484477165646,0.364752961569795,0.364621,0.00221,Unknown,direct,0.0011762404480885338,True,
150357935,0.0339607854714015,ULTRA_SHORT,52,cross_listed,0.0339602682793884,0.0339620408999319,0.033961,1.7e-05,Unknown,direct,6.316950433238464e-06,True,
98310624,0.20170319668018,SHORT,47,published,0.201680225877748,0.201748082247752,0.201721,0.000593,Unknown,direct,8.82649363670888e-05,True,
26757414,0.214604619215249,SHORT,37,cross_listed,0.214404618641669,0.214496553693609,0.214447,0.00074,Unknown,direct,0.0007344632926606221,True,
140757571,0.209005769713187,SHORT,44,cross_listed,0.20919149363906,0.209230110728073,0.209206,0.000671,Unknown,direct,0.0009580132026392579,True,
70775324,0.256965148555567,SHORT,67,published,0.256888080590031,0.256899432370542,0.256894,0.000925,Unknown,direct,0.00027688017603529904,True,
167524563,0.411169600263201,SHORT,34,published,0.411417937123067,0.411518657376103,0.411434,0.00247,Unknown,direct,0.000643043008602259,True,
115052682,0.319180181330609,SHORT,32,cross_listed,0.319090770313638,0.319253100217463,0.319166,0.00163,Unknown,direct,4.44304860968091e-05,True,
45598176,0.126961954589323,SHORT,36,published,0.126978182727665,0.126985345759862,0.126982,0.000247,Unknown,direct,0.00015788517703477624,True,
47423224,0.317235689808351,SHORT,39,published,0.317661364550344,0.3176969950713,0.31768,0.00145,Unknown,direct,0.0014005681136238196,True,
157115778,0.25138288242985,SHORT,37,cross_listed,0.251159797839722,0.251315830169676,0.251239,0.001,Unknown,direct,0.0005723636727340806,True,
97760779,0.0242540882017801,ULTRA_SHORT,53,published,0.0242536116938044,0.0242539997888486,0.024254,9e-06,Unknown,direct,3.6365737340677904e-06,False,
140596513,0.0766237182642587,ULTRA_SHORT,60,cross_listed,0.076623547197931,0.0766247733120109,0.076624,0.000107,Unknown,direct,3.6768737888762138e-06,True,
38460465,0.0447882882075725,ULTRA_SHORT,53,cross_listed,0.0447845262321295,0.0447859592911111,0.044785,2.8e-05,Unknown,direct,7.34166833361801e-05,True,
198354443,0.153541372320167,SHORT,39,published,0.153429060001999,0.153436419710033,0.153433,0.000333,Unknown,direct,0.0007058183636721686,True,
366108295,0.0771855603248618,ULTRA_SHORT,54,published,0.07717660765932,0.0771818709588745,0.07718,9.5e-05,Unknown,direct,7.203840768147917e-05,True,
1973623,0.126807366445132,SHORT,72,published,0.126754128646345,0.126756155933925,0.126755,0.000231,Unknown,direct,0.0004129605921170462,True,
122093026,0.0200038415058703,ULTRA_SHORT,53,cross_listed,0.0200028013393973,0.020003281402789,0.020003,6e-06,Unknown,direct,4.2067213442553896e-05,True,
103195323,0.0342552112598846,ULTRA_SHORT,53,published,0.0342501421374658,0.0342515120226014,0.034251,1.7e-05,Unknown,direct,0.000122937787557469,True,
91689592,0.209426057813155,SHORT,34,cross_listed,0.209200075375421,0.209251204023345,0.209227,0.000698,Unknown,direct,0.0009504920984216061,True,
144309212,0.168441269627333,SHORT,34,cross_listed,0.168332087276043,0.168385364568196,0.168361,0.000393,Unknown,direct,0.000476543708739415,True,
454961439,0.0295257220483137,ULTRA_SHORT,56,published,0.0295248953347101,0.0295251315338728,0.029525,1.3e-05,Unknown,direct,2.445489097676821e-05,True,
53726408,0.362509064539521,SHORT,42,published,0.362832717796861,0.363013227485943,0.362935,0.00185,Unknown,direct,0.0011749649929997722,True,
434723918,0.241474253695295,SHORT,34,published,0.23375522152369,0.24150946679208,0.241449,0.000963,Unknown,direct,0.00010458131626263378,True,
28306907,0.172629325229643,SHORT,40,published,0.172686658346876,0.172694294125228,0.172691,0.000439,Unknown,direct,0.00035726705341035245,True,
60987622,0.134852980847046,SHORT,35,published,0.134797443189699,0.134800677138242,0.134799,0.000275,Unknown,direct,0.0004002940588107912,True,
258388363,0.198262869834219,SHORT,38,published,0.198132852459248,0.198168698235967,0.198137,0.000575,Unknown,direct,0.0006348633726741089,True,
277644976,0.367275062991939,SHORT,41,published,0.367128214513898,0.367228113567326,0.366993,0.00197,Unknown,direct,0.0007679884107601215,False,
167601581,0.035711734365847,ULTRA_SHORT,54,cross_listed,0.0357107344452842,0.0357135915097484,0.03279,1.6e-05,Unknown,disagreement,0.08181440688137533,False,
296070953,0.289584993787824,SHORT,32,published,0.289434670963179,0.289539099616046,0.289478,0.00134,Unknown,direct,0.00036947283222267264,True,
270558473,0.232317129844781,SHORT,38,cross_listed,0.232270535476834,0.232320893522238,0.232412,0.000817,Unknown,direct,0.00040836487297508885,False,
299899924,0.341135526136209,SHORT,34,published,0.340832792400758,0.340891442981371,0.341371,0.00176,Unknown,direct,0.0006902648529691656,False,
441704810,0.175539012571108,SHORT,34,published,0.175633856750636,0.17564088632265,0.175636,0.000459,Unknown,direct,0.0005525121024177463,True,
303612770,0.271007264447577,SHORT,33,published,0.271050579200755,0.271109257794555,0.271089,0.00111,Unknown,direct,0.0003015991198229823,True,
272748431,0.0620916656315986,ULTRA_SHORT,55,published,0.0620978755433511,0.0621006207211996,0.062099,5.3e-05,Unknown,direct,0.00011812162432427738,True,
357088403,0.113166115814733,SHORT,33,published,0.11317967501279,0.113202363938436,0.113187,0.000188,Unknown,direct,0.00018454450889862642,True,
390071999,0.495244699821676,SHORT,38,published,0.494161180417931,0.494538682309987,0.49437,0.0038,Unknown,direct,0.0017661972394474785,True,
458060904,0.050353552650134,ULTRA_SHORT,53,published,0.050361600595672,0.0503646330910228,0.050363,3.7e-05,Unknown,direct,0.00018762032406416208,True,
219810122,0.0405822279229108,ULTRA_SHORT,53,cross_listed,0.0405788192339214,0.0405807669860806,0.040579,2.6e-05,Unknown,direct,7.954030806136403e-05,True,
351193224,0.0433888242748277,ULTRA_SHORT,54,published,0.0433796276098411,0.0433824035506877,0.043381,2.9e-05,Unknown,direct,0.00018032926585286895,True,
272922818,0.124532908175975,SHORT,39,published,0.12456031199269,0.124566292610083,0.124572,0.000228,Unknown,direct,0.0003139075815186626,False,
144171537,0.294787121122774,SHORT,38,published,0.294672785795179,0.294698709741624,0.294686,0.00122,Unknown,direct,0.0003430310062015216,True,
177315555,0.40794842500408,SHORT,40,published,0.407504806457871,0.407615885320542,0.407563,0.00252,Unknown,direct,0.0009447885577108286,True,
367857305,0.0846513360652962,ULTRA_SHORT,55,published,0.0846151200695865,0.0846212103119101,0.084616,0.000103,Unknown,direct,0.00041743068613770215,True,
191999705,0.266159088488979,SHORT,34,published,0.265934528898548,0.266068836202615,0.265996,0.00113,Unknown,direct,0.0006127481496306482,True,
153987857,0.25321649275656,SHORT,34,published,0.253483162376772,0.253567487897262,1.01435,0.0161,Unknown,disagreement,3.005860712142423,False,
199547911,0.5,SHORT,46,published,0.50552846880671,0.505590016144985,0.505881,0.00391,Unknown,direct,0.01176200000000005,False,
440170529,0.227247931630148,SHORT,55,published,0.227055248725009,0.227137222766205,0.2271,0.000771,Unknown,direct,0.0006509701940379804,True,
142443425,0.154223483679891,SHORT,41,published,0.154106329707426,0.15413174267117,0.15412,0.000327,Unknown,direct,0.0006709981996372533,True,
470283916,0.397061159650516,SHORT,38,published,0.396672254419478,0.396851697141845,0.39675,0.00243,Unknown,direct,0.0007836567313456463,True,
264730031,0.108905930024836,SHORT,40,published,0.108907236937817,0.108912464903427,0.10891,0.000188,Unknown,direct,3.737147429044847e-05,True,
322347559,0.479290508149569,SHORT,45,published,0.479992943941497,0.480299156551294,0.48015,0.00359,Unknown,direct,0.0017932586517295124,True,
385257296,0.0578173070250515,ULTRA_SHORT,52,published,0.0578180008549383,0.0578217015622609,0.057821,5.1e-05,Unknown,direct,6.387317463430803e-05,True,
350655963,0.107843405328771,SHORT,37,published,0.107875840967474,0.107896144660888,0.10783,0.000168,Unknown,direct,0.00012430364870375798,False,
233798897,0.0625766717572541,ULTRA_SHORT,53,published,0.0625784239881704,0.0625854589354283,0.062585,5.7e-05,Unknown,direct,0.00013308861772347554,True,
449650822,0.466411643963426,SHORT,34,published,0.465998947517156,0.466292363998556,0.63887,0.0061,Unknown,disagreement,0.3697556831366275,False,
285684866,0.325440278735993,SHORT,39,published,0.325628208835635,0.325696183149108,0.325284,0.00158,Unknown,direct,0.00048020711080995753,False,
382145521,0.0658798242626945,ULTRA_SHORT,57,published,0.0658818229844119,0.0658876457043118,0.053972,4.2e-05,Unknown,disagreement,0.1807506986541476,False,
300753934,0.153089973663257,SHORT,33,published,0.153105866372485,0.153142686432628,0.153119,0.00034,Unknown,direct,0.00018960312062537448,True,
348671634,0.379690110891691,SHORT,48,published,0.380066916823797,0.380222509102978,0.380164,0.0021,Unknown,direct,0.0012480944188829764,True,
323403590,0.400112053785817,SHORT,34,published,0.399899143249257,0.399969821698105,0.400407,0.00246,Unknown,direct,0.0007371590318068992,False,
452035938,0.280285328694859,SHORT,33,published,0.28023354421307,0.280387223741143,0.549022,0.00419,Unknown,harmonic_2x,0.02060160880252635,False,2.0
441732207,0.168512581181373,SHORT,36,cross_listed,0.168506651515759,0.168510697423228,0.168511,0.000438,Unknown,direct,9.383165113936497e-06,False,
377055044,0.374232669561312,SHORT,53,published,0.373860297257797,0.373949957739024,0.373892,0.00205,Unknown,direct,0.0009103148629737664,True,
355978205,0.446419003393463,SHORT,33,published,0.44539981915069,0.44558565301316,0.445574,0.00307,Unknown,direct,0.0018928481696336512,True,
396201681,0.477094865432334,SHORT,35,published,0.477779061787342,0.478098893188586,0.477946,0.00384,Unknown,direct,0.0017839943988806493,True,
16485009,0.5,SHORT,72,published,0.502761219843779,0.502813802313794,0.50279,0.00353,Unknown,direct,0.005579999999999918,True,
459142134,0.378310882397457,SHORT,33,cross_listed,0.377682029391908,0.377881826844365,0.622277,0.00677,Unknown,disagreement,0.6448826321264262,False,
4847760,0.0688662350185976,ULTRA_SHORT,54,cross_listed,0.0688728331690776,0.0688797357168121,0.068875,7.4e-05,Unknown,direct,0.00012727545509123725,True,
25078120,0.411169600263201,SHORT,34,cross_listed,0.411564627900188,0.411629152266139,0.411598,0.00261,Unknown,direct,0.00104190518103674,True,
129220506,0.0483658739526694,ULTRA_SHORT,53,cross_listed,0.0483602447106872,0.0483643359367981,0.048362,3.6e-05,Unknown,direct,8.009681936456373e-05,True,
150101501,0.0233862592277248,ULTRA_SHORT,53,cross_listed,0.0233856044177049,0.0233861656811912,0.023386,8e-06,Unknown,direct,1.1084616922935904e-05,True,
167793961,0.438864975662062,SHORT,33,cross_listed,0.439165527778113,0.439401901010913,0.438429,0.00313,Unknown,direct,0.0009934163951094306,False,
300739589,0.0628713014687856,ULTRA_SHORT,53,cross_listed,0.0628635822641463,0.0628665991851168,0.062878,5.8e-05,Unknown,direct,0.00010654354304612123,False,
322951898,0.0573090210371234,ULTRA_SHORT,53,cross_listed,0.0573096295023636,0.0573124035441983,0.057313,4.8e-05,Unknown,direct,6.942995717937888e-05,False,
352940699,0.182618543143129,SHORT,35,cross_listed,0.182538188228484,0.182544100173131,0.182541,0.000508,Unknown,direct,0.0004246181236273414,True,
389440520,0.0831224809479835,ULTRA_SHORT,55,cross_listed,0.0831187887021623,0.0831214493122263,0.083118,0.000101,Unknown,direct,5.3907774796838664e-05,False,
270491267,0.199784189912877,SHORT,72,cross_listed,0.199641243923308,0.19964443601259,0.199645,0.000572,Unknown,direct,0.0006967013402697516,False,
163141448,0.0509447037482421,ULTRA_SHORT,54,cross_listed,0.0509514294714468,0.0509530602172471,0.050952,3.8e-05,Unknown,direct,0.00014321904380782527,True,
116011834,0.027644749211967,ULTRA_SHORT,53,cross_listed,0.0276444174723226,0.027645302129068,0.027645,1.1e-05,Unknown,direct,9.071814364358678e-06,True,
355553423,0.353886450516778,SHORT,33,cross_listed,0.353585048615853,0.353702592237809,0.353559,0.00177,Unknown,direct,0.000925298259653024,False,
236816404,0.49290080851903,SHORT,38,cross_listed,0.492223397139504,0.49230019027453,0.492278,0.00392,Unknown,direct,0.0012635575115027841,True,
352229000,0.0870572254536589,ULTRA_SHORT,58,published,0.0870206760387343,0.0870227637499798,0.087022,0.000113,Unknown,direct,0.0004046241248252585,True,
461737753,0.152201182683898,SHORT,39,published,0.152185321758038,0.152223710878693,0.152201,0.000349,Unknown,direct,1.2002790963091786e-06,True,
115288187,0.428069874978592,SHORT,38,cross_listed,0.427300121478264,0.427591390813011,0.427443,0.00272,Unknown,direct,0.0014644220844163235,True,
446041643,0.222871154703522,SHORT,36,published,0.222950526678459,0.222971092349426,0.222961,0.000783,Unknown,direct,0.00040312662532531086,True,
137306463,0.292304993568004,SHORT,54,published,0.292376334820525,0.292425475273451,0.2924,0.00125,Unknown,direct,0.0003250250050001288,True,
388351327,0.0461784322057384,ULTRA_SHORT,58,published,0.0461704907225044,0.0461723373353127,0.046176,3.3e-05,Unknown,direct,5.2669733947636255e-05,False,
12359081,0.497610989448537,SHORT,33,cross_listed,0.498540187241445,0.498777054413966,0.49866,0.00329,Unknown,direct,0.0021080936187232095,True,
141152931,0.0496458211737638,ULTRA_SHORT,53,published,0.0496437580619699,0.0496455556345327,0.049646,3.8e-05,Unknown,direct,3.602040050361224e-06,False,
69925250,0.152417830355509,SHORT,43,published,0.152313645738132,0.15231851669635,0.152317,0.000323,Unknown,direct,0.0006615391078182681,True,
161687316,0.40794842500408,SHORT,34,published,0.408225942556701,0.408345344617441,0.408288,0.00232,Unknown,direct,0.0008323968793765304,True,
370128780,0.414442049411375,SHORT,34,cross_listed,0.413639407478621,0.413828412605848,0.413726,0.00269,Unknown,direct,0.0017277431486308744,True,
129979528,0.40794842500408,SHORT,33,published,0.407132352620979,0.407354002259401,0.049596,3.8e-05,Unknown,disagreement,0.8784258083616723,False,
59353886,0.483742984323592,SHORT,33,published,0.483271205544869,0.483733309463906,0.965956,0.0159,Unknown,harmonic_2x,0.0015813858771752882,False,2.0
23037766,0.466411643963426,SHORT,37,published,0.465487261472529,0.465726360557633,0.465605,0.00347,Unknown,direct,0.0017294678935786925,True,
89615401,0.248385173407533,SHORT,47,published,0.248476564919908,0.248535291726102,0.248456,0.000971,Unknown,direct,0.00028514822964416093,False,
382528174,0.31939172800449,SHORT,47,published,0.319507299451254,0.319534232341063,0.319522,0.00182,Unknown,direct,0.0004078752957187921,True,
198366673,0.440751190266267,SHORT,35,published,0.439937553824916,0.440133406689026,0.879199,0.011,Unknown,harmonic_2x,0.002613016803360841,False,2.0
272434749,0.288259716295698,SHORT,42,published,0.288551620972007,0.288746205706721,0.288799,0.0012,Unknown,direct,0.0018708257651539216,False,
12249117,0.304260499087036,SHORT,40,published,0.304022080208208,0.304042800088193,0.303997,0.00138,Unknown,direct,0.0008660312062415108,False,
336123695,0.0323605950361864,ULTRA_SHORT,59,published,0.0323612422739766,0.0323625368272318,0.032362,1.5e-05,Unknown,direct,4.341588317615203e-05,True,
423196055,0.481506453477172,SHORT,33,published,0.481702703152651,0.482253189281006,0.482015,0.00404,Unknown,direct,0.0010561572314463522,True,
51288359,0.450279228967754,SHORT,39,published,0.450269683318262,0.450551547798401,0.901341,0.0117,Unknown,harmonic_2x,0.0008689519903969958,False,2.0
149630117,0.0488651248264941,ULTRA_SHORT,53,published,0.0488658969238874,0.048869435197666,0.048869,4.3e-05,Unknown,direct,7.93034606923468e-05,True,
85784414,0.288537117978625,SHORT,54,published,0.288249339111947,0.288259773953407,0.288255,0.00129,Unknown,direct,0.0009777528125374149,True,
141292310,0.220511689457433,SHORT,36,published,0.217946796670438,0.220510807396562,0.217966,0.000593,Unknown,direct,0.011544464892979795,True,
32008233,0.141638285258629,SHORT,72,published,0.141606518530721,0.141619573142266,0.141613,0.000307,Unknown,direct,0.000178519943127315,True,
351561729,0.49290080851903,SHORT,33,published,0.493188343270753,0.493429874619803,0.493367,0.00349,Unknown,direct,0.0009458119623920072,True,
307774860,0.5,SHORT,45,cross_listed,0.506220460188083,0.506288225525538,0.506262,0.00356,Unknown,direct,0.01252399999999998,True,
409973553,0.5,SHORT,41,published,0.502320163062373,0.502696720252795,1.00822,0.0147,Unknown,harmonic_2x,0.008219999999999894,False,2.0
219107776,0.104968145924225,SHORT,72,published,0.104963677507365,0.104973756036112,0.104969,0.000191,Unknown,direct,8.136523394653384e-06,True,
275119073,0.371562360636242,SHORT,32,published,0.371459835671097,0.371593575120842,0.371569,0.002,Unknown,direct,1.7868773754773787e-05,True,
264508409,0.486000388878087,SHORT,33,published,0.487030967015855,0.487242101515026,0.487411,0.00338,Unknown,direct,0.0029024896979389803,False,
202839485,0.20651904486491,SHORT,39,published,0.206396030370519,0.206427389270961,0.206409,0.000671,Unknown,direct,0.0005328557711564279,True,
288471431,0.0528849205509595,ULTRA_SHORT,54,published,0.0528775175504425,0.0528787864890456,0.052878,4.1e-05,Unknown,direct,0.00013086057211397702,True,
367779738,0.0379223498353841,ULTRA_SHORT,60,published,0.037917344645787,0.0379179512650659,0.037917,2.1e-05,Unknown,direct,0.00014107341468360508,False,
82391832,0.0465916081048334,ULTRA_SHORT,54,published,0.0465903035502429,0.0465925399742703,0.046592,3.4e-05,Unknown,direct,8.411282257550455e-06,True,
395218466,0.264133995561661,SHORT,45,published,0.264421639177856,0.264440805925128,0.264498,0.0011,Unknown,direct,0.001378105221045012,False,
343270453,0.0538140245871639,ULTRA_SHORT,52,published,0.0538099349503149,0.0538133788137026,0.053812,4.3e-05,Unknown,direct,3.76219243856182e-05,True,
243368138,0.0449235248656518,ULTRA_SHORT,53,published,0.0449222670170183,0.0449255016272586,0.044912,2.8e-05,Unknown,direct,0.0002565441088219446,False,
286488792,0.444513604837275,SHORT,53,cross_listed,0.444412276811602,0.444607863589531,0.444512,0.00306,Unknown,direct,3.6103220632526175e-06,True,
2213642,0.343477821912399,SHORT,40,cross_listed,0.343428696822056,0.343523866786092,0.343485,0.00179,Unknown,direct,2.089825643184994e-05,True,
22877676,0.173492052474492,SHORT,34,cross_listed,0.173446955364155,0.173458054015935,0.173453,0.000435,Unknown,direct,0.00022509661932643653,True,
33866201,0.257660032648042,SHORT,45,cross_listed,0.257600690521488,0.257680109099489,0.257613,0.000998,Unknown,direct,0.00018253761578248702,True,
55848818,0.158688337248429,SHORT,33,cross_listed,0.158679419289238,0.158709350796879,0.158684,0.000348,Unknown,direct,2.7331866375475806e-05,True,
154492631,0.0816003395253175,ULTRA_SHORT,52,cross_listed,0.081598707518527,0.0816032773020559,0.081601,9.4e-05,Unknown,direct,8.09401880363829e-06,True,
173340408,0.247206013252893,SHORT,39,cross_listed,0.247472298772082,0.247505054844943,0.247488,0.000967,Unknown,direct,0.001140695339067473,True,
192415411,0.231285278060516,SHORT,40,cross_listed,0.231109585043791,0.231155874417632,0.231131,0.000836,Unknown,direct,0.0006670466093203815,True,
198478755,0.210083680263459,SHORT,33,cross_listed,0.210083444868766,0.21011039942647,0.210073,0.000682,Unknown,direct,5.083813957179345e-05,False,
200133765,0.0441129960576578,ULTRA_SHORT,52,cross_listed,0.0441119794631824,0.0441140972956485,0.044114,2.9e-05,Unknown,direct,2.2758425677809077e-05,True,
35200668,0.079604446001465,ULTRA_SHORT,54,cross_listed,0.079629609461324,0.0796350423979537,0.079632,0.000101,Unknown,direct,0.0003461364272855227,True,
38570985,0.032032444414661,ULTRA_SHORT,53,cross_listed,0.0320322692037774,0.0320335505765535,0.032032,1.6e-05,Unknown,direct,1.3873891584708295e-05,False,
140682376,0.440751190266267,SHORT,38,cross_listed,0.440229859646879,0.440432486972725,0.439575,0.00288,Unknown,direct,0.002668603720744279,False,
232606431,0.0273774819121948,ULTRA_SHORT,57,cross_listed,0.0273773039588929,0.0273778570318632,0.027377,1.1e-05,Unknown,direct,1.7602502536501218e-05,False,
238169256,0.500496381843936,SHORT,34,cross_listed,0.500548512037729,0.500655070227294,0.500604,0.00384,Unknown,direct,0.00021502284525533178,True,
260972843,0.284586800611849,SHORT,50,cross_listed,0.284560498521037,0.284585563305545,0.284577,0.00113,Unknown,direct,3.443804079421025e-05,True,
272702570,0.0370192094077223,ULTRA_SHORT,53,cross_listed,0.0370246891713149,0.0370266222863526,0.037025,2.1e-05,Unknown,direct,0.00015642128425618642,True,
276235483,0.0270699084854064,ULTRA_SHORT,53,cross_listed,0.0270665521658114,0.0270667686774437,0.027067,1.1e-05,Unknown,direct,0.00010744348869766124,False,
303583303,0.0496873086998937,ULTRA_SHORT,53,cross_listed,0.0496887358756207,0.0496899286438353,0.049689,3.8e-05,Unknown,direct,3.403887532960002e-05,True,
357961537,0.0590968199550774,ULTRA_SHORT,56,cross_listed,0.0590840457298489,0.0590869049750659,0.059088,5.4e-05,Unknown,direct,0.0001492458491692753,False,
407793533,0.0802175936326583,ULTRA_SHORT,54,cross_listed,0.0802179145107339,0.0802246695913159,0.080221,9.3e-05,Unknown,direct,4.246409281852837e-05,True,
405459692,0.12190898892845,SHORT,36,cross_listed,0.121851961070112,0.121856833160741,0.121854,0.000233,Unknown,direct,0.00045106541308666834,True,
453095065,0.313416927899687,SHORT,39,cross_listed,0.31345078126113,0.313529863620283,0.312934,0.00141,Unknown,direct,0.0015408481696354975,False,
137608661,0.300745999278065,SHORT,48,published,0.300420337119385,0.30043234164024,0.300423,0.00129,Unknown,direct,0.0010739935987190503,True,
140064648,0.26960414194801,SHORT,37,published,0.269875101969588,0.269891366088596,0.269881,0.00113,Unknown,direct,0.0010269057811557942,True,
149059954,0.153995440823116,SHORT,33,published,0.154042239794004,0.154060147379147,0.154048,0.000346,Unknown,direct,0.0003413034606937382,True,
62530188,0.157250707769739,SHORT,38,published,0.157340047237863,0.157382281988966,0.157359,0.000371,Unknown,direct,0.0006886597319457426,True,
143198743,0.118174081603707,SHORT,33,published,0.118188737300246,0.118194411449073,0.118192,0.000214,Unknown,direct,0.0001516271254224157,True,
106620517,0.278247801402649,SHORT,33,cross_listed,0.277967548919211,0.278032099790034,0.277995,0.00123,Unknown,direct,0.0009085477095402764,True,
321158665,0.0497046950504106,ULTRA_SHORT,55,cross_listed,0.0497076775707153,0.0497104615792844,0.049709,3.7e-05,Unknown,direct,8.66105221053597e-05,True,
385554826,0.0319143502853714,ULTRA_SHORT,57,cross_listed,0.0319177974764426,0.0319193298004105,0.031919,1.7e-05,Unknown,direct,0.00014569353870672546,True,
441762590,0.0555062068352912,ULTRA_SHORT,58,cross_listed,0.0555090933658769,0.0555130905962004,0.055512,4.6e-05,Unknown,direct,0.00010436967393556097,True,
270931465,0.0888395237248978,ULTRA_SHORT,54,cross_listed,0.0870937469141662,0.0888829172343811,0.088876,0.000125,Unknown,direct,0.00041058611722358707,True,
310897084,0.409552679010323,SHORT,33,cross_listed,0.409331471884892,0.409639524326386,0.40947,0.00263,Unknown,direct,0.0002018763752755495,True,
125174457,0.0999200479712173,ULTRA_SHORT,52,cross_listed,0.0999276426239498,0.0999372375198617,0.099933,0.000169,Unknown,direct,0.00012962392478460384,True,
347260634,0.371562360636242,SHORT,50,cross_listed,0.372074270661966,0.37217295985972,0.372123,0.00213,Unknown,direct,0.001508870174034827,True,
252875556,0.26017487248881,SHORT,45,cross_listed,0.259959621617094,0.259994952383359,0.259975,0.000952,Unknown,direct,0.0007682236447279463,True,
207148580,0.5,SHORT,40,published,0.501862851798381,0.501981864036497,0.501917,0.00349,Unknown,direct,0.003833999999999893,True,
408552008,0.261481326498588,SHORT,41,published,0.261672874873963,0.26174412285386,0.261709,0.000957,Unknown,direct,0.0008707065413072097,True,
209471434,0.0999200479712173,ULTRA_SHORT,53,cross_listed,0.099942035658816,0.0999444349010717,0.099943,0.000148,Unknown,direct,0.00022970394078790455,True,
269342892,0.224404283971878,SHORT,34,published,0.224398295058992,0.22440821795435,0.22441,0.000779,Unknown,direct,2.5472009806684442e-05,False,
321947833,0.320161393621109,SHORT,40,published,0.319660092642901,0.319748270593043,0.319701,0.00151,Unknown,direct,0.0014380048009593812,True,
207504663,0.293955074679525,SHORT,45,published,0.294096184855918,0.294128143159118,0.294112,0.00125,Unknown,direct,0.00053384116823325,True,
278107349,0.304260499087036,SHORT,34,published,0.303977186682799,0.304290928788509,0.304255,0.00173,Unknown,direct,1.807361472327164e-05,True,
470196152,0.0738470174609271,ULTRA_SHORT,52,published,0.0738520395000539,0.0738629869592768,0.073863,7.8e-05,Unknown,direct,0.00021642768553722035,False,
436869712,0.372892734596449,SHORT,42,published,0.373303376523464,0.373474021212677,0.747174,0.00903,Unknown,harmonic_2x,0.0018618367673544074,False,2.0
350431472,0.0365306724532078,ULTRA_SHORT,54,published,0.0365286197810656,0.0365294965731554,0.036528,2.5e-05,Unknown,direct,7.315641975173061e-05,False,
371208302,0.0919779208831647,ULTRA_SHORT,53,published,0.0919326890954939,0.0919441031671324,1.09408,0.0169,Unknown,disagreement,10.895028605721139,False,
364302118,0.336353334224707,SHORT,35,published,0.336243531252682,0.336383404382353,0.672342,0.00678,Unknown,harmonic_2x,0.0005420913252644309,False,2.0
308396022,0.0757263610749235,ULTRA_SHORT,75,published,0.0757357524960614,0.0757369644620159,0.075735,8.5e-05,Unknown,direct,0.00011408081616315292,False,
298700310,0.356307911617961,SHORT,40,published,0.356478953646454,0.356516192548961,0.356521,0.00188,Unknown,direct,0.0005980456091232145,False,
322055767,0.188912402690651,SHORT,38,published,0.188744039640031,0.188768973159264,0.188756,0.00052,Unknown,direct,0.0008279111822376971,True,
341419283,0.456385323249383,SHORT,48,published,0.443637295654984,0.456125411697427,0.456582,0.00282,Unknown,direct,0.0004309445124498317,False,
219739347,0.386739904069318,SHORT,47,published,0.386695046546768,0.386792586279387,0.386745,0.00218,Unknown,direct,1.3176635326136554e-05,True,
255569181,0.0637692167593487,ULTRA_SHORT,52,cross_listed,0.0637620862634172,0.063767697731034,1.38261,0.0289,Unknown,disagreement,20.68146435321093,False,
165054120,0.472763381880083,SHORT,33,new_variable,0.472455146008253,0.551502661207857,0.551292,0.00415,Unknown,disagreement,0.1661055427085423,True,
279659875,0.171492281303602,SHORT,35,new_variable,0.171486107680253,0.17149643160299,0.171517,0.000429,Unknown,direct,0.0001441388277659033,False,
395085556,0.424579582130117,SHORT,39,cross_listed,0.42365083619883,0.423795037174423,0.423713,0.00273,Unknown,direct,0.0020410358071608916,True,
141535363,0.0493280179984607,ULTRA_SHORT,52,cross_listed,0.0493144069499215,0.0493183514082528,0.049314,3.5e-05,Unknown,direct,0.00028417923584804397,False,
307214209,0.0574346837013718,ULTRA_SHORT,53,cross_listed,0.0574326160858404,0.0574337762304746,0.057432,4.8e-05,Unknown,direct,4.6726145228865215e-05,False,
258773721,0.0653242035386666,ULTRA_SHORT,53,cross_listed,0.0653126952126458,0.0653179459553348,0.065316,6.6e-05,Unknown,direct,0.00012558191638325768,True,
388129392,0.0583354727285458,ULTRA_SHORT,53,cross_listed,0.0583212420608696,0.0583254405521273,0.058324,4.8e-05,Unknown,direct,0.00019666813362745773,True,
262498404,0.0202093000621475,ULTRA_SHORT,53,cross_listed,0.0202083622603559,0.0202088472532903,0.02021,6e-06,Unknown,direct,3.463444307066131e-05,False,
235718636,0.297311764006185,SHORT,33,cross_listed,0.297170189315464,0.297265508586916,0.594345,0.00529,Unknown,harmonic_2x,0.0004684106821352422,False,2.0
280069113,0.368929889298893,SHORT,45,cross_listed,0.369161284432121,0.369419157840523,0.738973,0.00788,Unknown,harmonic_2x,0.0015087167433486906,False,2.0
271793579,0.0670458690505634,ULTRA_SHORT,53,cross_listed,0.0670385504263652,0.0670412317324273,0.067048,8.2e-05,Unknown,direct,3.178345611412194e-05,False,
417031206,0.220045778677701,SHORT,33,cross_listed,0.219887412599332,0.219946448888822,0.219918,0.000731,Unknown,direct,0.000580691338269923,True,
367910480,0.0638425582999157,ULTRA_SHORT,53,new_variable,0.0638328427479571,0.0638397492947666,0.063836,5.9e-05,Unknown,direct,0.00010272614522876809,True,
369768134,0.261481326498588,SHORT,33,cross_listed,0.261437351860684,0.261544150664236,0.261501,0.000993,Unknown,direct,7.523864772833623e-05,True,
148573837,0.071026682958711,ULTRA_SHORT,54,cross_listed,0.0710221232483377,0.0710269670722616,0.071024,7.7e-05,Unknown,direct,3.777395479032994e-05,True,
323246150,0.053537387281256,ULTRA_SHORT,53,cross_listed,0.0535352351226153,0.0535393147351356,0.053537,4.3e-05,Unknown,direct,7.233846768942285e-06,True,
298598672,0.0616141198511105,ULTRA_SHORT,53,cross_listed,0.0616217611023122,0.0616266919477098,0.061624,6e-05,Unknown,direct,0.0001603552710542649,True,
287718001,0.0239124819424646,ULTRA_SHORT,52,cross_listed,0.0239108559717391,0.0239114298185101,0.023911,1e-05,Unknown,direct,6.197359471771759e-05,True,
349911034,0.268908015061861,SHORT,34,cross_listed,0.269173856496567,0.269259189925162,0.538108,0.00427,Unknown,harmonic_2x,0.0005428805761160212,False,2.0
339885174,0.45820348304308,SHORT,35,cross_listed,0.457776643593003,0.458466097793334,0.920629,0.014,Unknown,harmonic_2x,0.004607160432085874,False,2.0
275423476,0.488278960734518,SHORT,36,cross_listed,0.487773422280006,0.488058744349317,1.46272,0.0317,Unknown,harmonic_3x,0.0014451316930042457,False,3.0
407046357,0.123645807568637,SHORT,32,cross_listed,0.123683383333984,0.123692811777197,0.123687,0.000223,Unknown,direct,0.0003331486297272464,True,
417663178,0.341135526136209,SHORT,34,cross_listed,0.340967766639832,0.341023736325086,0.341003,0.00201,Unknown,direct,0.00038848529706077874,True,
230117380,0.0460966748427789,ULTRA_SHORT,53,cross_listed,0.0461009162118978,0.0461049739040628,0.046102,3.3e-05,Unknown,direct,0.0001155215043006928,True,
366525772,0.0535924869744205,ULTRA_SHORT,53,cross_listed,0.0536038512181637,0.053604709092536,0.053604,4.4e-05,Unknown,direct,0.00021482536507396341,True,
198185267,0.249575636545182,SHORT,48,cross_listed,0.249513506538987,0.249576634871688,0.249526,0.000881,Unknown,direct,0.00019888377675445287,True,
237222539,0.267526490420636,SHORT,44,cross_listed,0.267611057206049,0.267623907471296,0.267632,0.00102,Unknown,direct,0.00039438927785472955,False,
243430178,0.0211881288835013,ULTRA_SHORT,53,cross_listed,0.0183386175053002,0.018339252433026,0.018339,5e-06,Unknown,disagreement,0.13446816843368595,True,
284891601,0.155142449258271,SHORT,33,cross_listed,0.155133141083642,0.155145552231375,0.155148,0.000371,Unknown,direct,3.577835566953112e-05,False,
365968489,0.124981249062453,SHORT,37,cross_listed,0.124944764461538,0.124957756534374,0.124952,0.000216,Unknown,direct,0.0002340276055202036,True,
441725813,0.041670139872964,ULTRA_SHORT,54,cross_listed,0.0416723068762616,0.041674307387053,0.041673,2.8e-05,Unknown,direct,6.863732746565164e-05,True,
442613663,0.0213926856614658,ULTRA_SHORT,53,cross_listed,0.0185237447852828,0.0185242580754752,0.018524,5e-06,Unknown,disagreement,0.13409656491298358,True,
350559515,0.0931047026539066,ULTRA_SHORT,54,cross_listed,0.0931010793311724,0.0931145212478483,0.093118,0.00015,Unknown,direct,0.00014282142270330788,False,
331726184,0.0286959117366796,ULTRA_SHORT,53,cross_listed,0.028696594729752,0.0286982133798836,0.028694,1.2e-05,Unknown,direct,6.662052410608465e-05,False,
220501097,0.0862557212475963,ULTRA_SHORT,58,cross_listed,0.0862505653502047,0.0862616053342496,0.086253,0.000106,Unknown,direct,3.154860404552703e-05,True,
349785797,0.342402088664519,SHORT,33,cross_listed,0.342538795983272,0.342615743884842,0.341996,0.00168,Unknown,direct,0.0011859993789840658,False,
287298969,0.0204396215460351,ULTRA_SHORT,53,cross_listed,0.0191385564568001,0.0191388431917818,0.019141,6e-06,Unknown,disagreement,0.06353452010401878,False,
26391048,0.0212097041078687,ULTRA_SHORT,53,cross_listed,0.0198267970117511,0.0198272418480126,0.019827,6e-06,Unknown,disagreement,0.06519205081016297,True,
245719692,0.144387961411819,SHORT,34,cross_listed,0.14436252422861,0.144383918581242,0.144375,0.000327,Unknown,direct,8.9767953590211e-05,True,
230016910,0.219581832557322,SHORT,34,cross_listed,0.219766308117462,0.21986238256848,0.219911,0.000762,Unknown,direct,0.0014990650130040576,False,
416596508,0.126807366445132,SHORT,33,cross_listed,0.126757169602033,0.126769334884036,0.126764,0.000246,Unknown,direct,0.0003419867973582422,True,
350622144,0.0483880334945168,ULTRA_SHORT,53,cross_listed,0.0483873779885781,0.0483897006942114,0.048387,3.5e-05,Unknown,direct,2.135847320427122e-05,False,
217281803,0.0271287418993768,ULTRA_SHORT,53,cross_listed,0.0271266400590369,0.0295539222593862,0.027127,1.1e-05,Unknown,direct,6.420863095172734e-05,True,
149833117,0.304260499087036,SHORT,32,cross_listed,0.30435655595667,0.304434639183451,0.304391,0.00134,Unknown,direct,0.0004289117823562262,True,
229784742,0.344521019986216,SHORT,32,cross_listed,0.328380907264014,0.344958436031425,0.322971,0.00135,Unknown,disagreement,0.06255066813362556,False,
294052459,0.19419625514723,SHORT,34,cross_listed,0.194357925306008,0.194386757980107,0.194372,0.000583,Unknown,direct,0.0009049857971604958,True,
254131256,0.285103228014144,SHORT,32,cross_listed,0.284891207741481,0.284947073894567,0.284926,0.0012,Unknown,direct,0.0006216275255052557,True,
199663359,0.0333128973357679,ULTRA_SHORT,53,cross_listed,0.0333085005257623,0.0333095663125162,0.033309,1.7e-05,Unknown,direct,0.00011699179836026295,True,
441768062,0.0684588206293994,ULTRA_SHORT,53,cross_listed,0.0684519752949632,0.0684563561512883,0.068459,7.3e-05,Unknown,direct,2.6201240243343582e-06,False,
440109245,0.0408849268013413,ULTRA_SHORT,52,cross_listed,0.0408801846050832,0.0408821467597608,0.040881,2.5e-05,Unknown,direct,9.604520904196323e-05,True,
229766985,0.215492714889215,SHORT,33,cross_listed,0.215659207126961,0.215686836924888,0.215678,0.000665,Unknown,direct,0.0008598207641509123,True,
213236474,0.0528861330084642,ULTRA_SHORT,54,cross_listed,0.0528842859268359,0.0528880939000605,0.052886,4e-05,Unknown,direct,2.514996968669614e-06,True,
368381038,0.0362840594016288,ULTRA_SHORT,53,cross_listed,0.0362879785816992,0.036289139982838,0.036289,2.1e-05,Unknown,direct,0.00013616443288536547,True,
171084337,0.205297741273101,SHORT,38,cross_listed,0.205398799503621,0.205407019993311,0.205403,0.000644,Unknown,direct,0.0005127125425066799,True,
366642024,0.0490723471090606,ULTRA_SHORT,53,cross_listed,0.0490705805328299,0.0490727495144379,0.04907,3.8e-05,Unknown,direct,4.782956591385924e-05,False,
319080825,0.182618543143129,SHORT,38,cross_listed,0.182572533944391,0.182620040660327,0.182598,0.000521,Unknown,direct,0.00011249209842229304,True,
310645659,0.42285569277618,SHORT,46,cross_listed,0.423462017826573,0.423550414066529,0.423513,0.00274,Unknown,direct,0.0015544480896178333,True,
243315819,0.191694148324258,SHORT,33,cross_listed,0.191798450410696,0.19185227613587,0.191858,0.000528,Unknown,direct,0.0008547557511502603,False,
315773843,0.0345736219655578,ULTRA_SHORT,53,published,0.0345744448543549,0.0345756965488424,0.034575,1.7e-05,Unknown,direct,3.9857971593926564e-05,True,
229741985,0.0869845136593005,ULTRA_SHORT,53,cross_listed,0.0869584256098565,0.0869660764823427,0.086963,0.000122,Unknown,direct,0.00024732746549309,True,
160602230,0.438893766461809,SHORT,51,cross_listed,0.439730942981619,0.43986694758842,0.43987,0.00272,Unknown,direct,0.0022243048609712555,False,
440209433,0.435225491903186,SHORT,33,cross_listed,0.434741441440892,0.435175707251046,0.43495,0.00316,Unknown,direct,0.0006329865973183138,True,
275415829,0.16164392420617,SHORT,32,cross_listed,0.16164450614835,0.161700197000182,0.692099,0.00765,Unknown,disagreement,3.281627060212031,False,
260370473,0.397061159650516,SHORT,33,cross_listed,0.397514175891093,0.397591079741664,0.39755,0.00274,Unknown,direct,0.001231146229246531,True,
308451526,0.395553093843963,SHORT,44,published,0.394763314617746,0.394880598891444,0.394766,0.00238,Unknown,direct,0.00198985637127506,True,
80719034,0.167627925692442,SHORT,32,cross_listed,0.167627255170011,0.167663471059214,0.167645,0.000445,Unknown,direct,0.0001018583716731796,True,
142184369,0.0243656356316349,ULTRA_SHORT,53,cross_listed,0.0243671902898575,0.0243676825579083,0.024367,9e-06,Unknown,direct,5.599559911860668e-05,False,
38846471,0.113043281624531,SHORT,33,cross_listed,0.112984076784199,0.112992208124988,0.112991,0.000178,Unknown,direct,0.00046249209842176136,True,
295882266,0.0279939968864448,ULTRA_SHORT,53,cross_listed,0.0279916455411925,0.0279926588110389,0.027993,1.2e-05,Unknown,direct,3.5610722143141156e-05,False,
372045792,0.0608936097644164,ULTRA_SHORT,54,cross_listed,0.0608797289086081,0.0608858284008911,0.060883,5.4e-05,Unknown,direct,0.00017423444688936514,True,
19566581,0.0750172574206909,ULTRA_SHORT,59,published,0.0749965579567056,0.0750028715834013,0.075,8.1e-05,Unknown,direct,0.00023004600920195135,True,
420114772,0.0483209929050592,ULTRA_SHORT,53,cross_listed,0.0483188668323972,0.0483219593635757,0.048316,3.4e-05,Unknown,direct,0.00010332786557208163,False,
321446584,0.0452357252737309,ULTRA_SHORT,52,cross_listed,0.0452396973993272,0.0452413353115103,0.045241,3.2e-05,Unknown,direct,0.0001166053210638603,True,
142326721,0.0292520509789694,ULTRA_SHORT,53,cross_listed,0.0292548536504695,0.029255912836701,0.029255,1.3e-05,Unknown,direct,0.00010081416283322061,True,
260127241,0.254453832841291,SHORT,42,cross_listed,0.254136613180377,0.25423229042905,0.254291,0.000986,Unknown,direct,0.0006399307861579796,False,
409901306,0.055595097755733,ULTRA_SHORT,57,cross_listed,0.0555984337284762,0.0555993233888232,0.055599,4.4e-05,Unknown,direct,7.019043808768424e-05,True,
174206494,0.0304405012726675,ULTRA_SHORT,53,cross_listed,0.0304423278488699,0.0304430585407303,0.030443,1.3e-05,Unknown,direct,8.208561712298319e-05,True,
139898206,0.443102562337168,SHORT,32,cross_listed,0.443257209013584,0.443449412152452,0.443322,0.00287,Unknown,direct,0.0004952299568627293,True,
280033918,0.139364371340953,SHORT,38,cross_listed,0.13938500073365,0.139391692659141,0.139387,0.000307,Unknown,direct,0.00016237047409805674,True,
306109597,0.200168174901898,SHORT,33,cross_listed,0.19998086910248,0.200048943347032,0.200015,0.000625,Unknown,direct,0.0007652310462094053,True,
283866910,0.370241445711746,SHORT,44,cross_listed,0.369666233548102,0.369698717140413,0.369681,0.00202,Unknown,direct,0.0015137303460681568,True,
339960875,0.391096854952277,SHORT,42,cross_listed,0.391631050388916,0.391687531563406,0.391731,0.00236,Unknown,direct,0.0016214526905372411,False,
134222007,0.389633671083398,SHORT,32,cross_listed,0.389851602643548,0.390171886750449,0.780077,0.00871,Unknown,harmonic_2x,0.0010389987997606457,False,2.0
101256414,0.376941637762027,SHORT,43,cross_listed,0.37733543291984,0.377541185155001,0.377434,0.00232,Unknown,direct,0.0013062028405676945,True,
237969900,0.0458733275827262,ULTRA_SHORT,53,cross_listed,0.045880852192978,0.0458828805902577,0.045883,3.2e-05,Unknown,direct,0.00021085057011306223,False,
313025849,0.160399152923057,SHORT,51,cross_listed,0.160466550222096,0.160478109732182,0.160472,0.000372,Unknown,direct,0.0004541612322475235,True,
154384818,0.0794223253153697,ULTRA_SHORT,54,cross_listed,0.0794359885786705,0.0794423451867542,0.079437,9.1e-05,Unknown,direct,0.00018476775355064274,True,
36084020,0.0464047676512634,ULTRA_SHORT,53,cross_listed,0.0464097800077514,0.0464123794337262,0.046411,3.3e-05,Unknown,direct,0.00013430406081204168,True,
150989170,0.143789909681873,SHORT,34,cross_listed,0.143720347642373,0.143723795413697,0.143722,0.000312,Unknown,direct,0.00047228405681075744,True,
142381218,0.0273399472780373,ULTRA_SHORT,54,cross_listed,0.0273365574771141,0.0290116794672054,0.027338,1.1e-05,Unknown,direct,7.122464493062402e-05,True,
179614003,0.0483658739526694,ULTRA_SHORT,53,cross_listed,0.0483569664220755,0.0483600802999481,0.048357,3.5e-05,Unknown,direct,0.00018347549509981407,True,
38680132,0.285103228014144,SHORT,39,cross_listed,0.285410221406397,0.285506485457606,0.285415,0.0012,Unknown,direct,0.001093540708141339,True,
251250634,0.0757263610749235,ULTRA_SHORT,54,cross_listed,0.0757272698203362,0.0757351465276298,0.075731,9.3e-05,Unknown,direct,6.125905181041278e-05,True,
276273177,0.0403464028022147,ULTRA_SHORT,52,cross_listed,0.0403472097625491,0.0403485009662282,0.040348,2.3e-05,Unknown,direct,3.958711742235834e-05,True,
149902303,0.479290508149569,SHORT,34,cross_listed,0.478924219702778,0.479250250323385,0.479129,0.00347,Unknown,direct,0.00033697339467975536,True,
294799849,0.0865041255796338,ULTRA_SHORT,54,cross_listed,0.0865014030382508,0.0865069410331155,0.086504,0.000104,Unknown,direct,1.4517184349465504e-06,True,
445619007,0.191694148324258,SHORT,35,cross_listed,0.191713243357438,0.191779453580311,0.191743,0.000566,Unknown,direct,0.0002548417683536801,True,
81211909,0.438893766461809,SHORT,42,cross_listed,0.43921176213751,0.43952009529981,0.439365,0.0028,Unknown,direct,0.0010736847369465026,True,
41590715,0.215939524838013,SHORT,32,cross_listed,0.215770314376711,0.215817801163683,0.215805,0.000679,Unknown,direct,0.0006229745949191243,True,
173956099,0.466411643963426,SHORT,32,cross_listed,0.466027164049283,0.466244072559269,0.466127,0.00348,Unknown,direct,0.0006102848569713228,True,
22970720,0.462271130016645,SHORT,47,cross_listed,0.461738919160453,0.461863019719675,0.461811,0.00331,Unknown,direct,0.000995368273654464,True,
118425534,0.0709782763027119,ULTRA_SHORT,53,cross_listed,0.0709987101413008,0.0710055571845335,0.071002,7.5e-05,Unknown,direct,0.0003342388477696129,True,
389426731,0.216085409774615,SHORT,44,cross_listed,0.216070855333946,0.216082141904011,0.216078,0.00066,Unknown,direct,3.429095292794502e-05,True,
116070483,0.0561647529380042,ULTRA_SHORT,53,cross_listed,0.0561573400208631,0.0561640789555771,0.056161,4.8e-05,Unknown,direct,6.682016403313332e-05,True,
118389700,0.0448848025571498,ULTRA_SHORT,58,cross_listed,0.0448857002891102,0.0448884026797636,0.044887,3.1e-05,Unknown,direct,4.8957391478005075e-05,True,
467219052,0.275305650402027,SHORT,33,cross_listed,0.275249388319381,0.275363092331488,0.275413,0.00118,Unknown,direct,0.00038992878575603836,False,
278022607,0.438893766461809,SHORT,34,cross_listed,0.439655264610076,0.439704597957071,0.43978,0.00287,Unknown,direct,0.0020192438487688633,False,
144297216,0.0727635294460132,ULTRA_SHORT,53,cross_listed,0.072735307582234,0.0727443391067108,0.07274,8.2e-05,Unknown,direct,0.00032336867373461414,True,
142442450,0.323141564318035,SHORT,42,cross_listed,0.32311306518086,0.323223018147685,0.323079,0.00148,Unknown,direct,0.00019361272254471976,False,
353615011,0.259526528917039,SHORT,60,cross_listed,0.259218467545509,0.259314975533067,0.259276,0.00106,Unknown,direct,0.0009653306661341632,True,
193042875,0.123499184742329,SHORT,38,cross_listed,0.123493701520201,0.123515538534593,0.123504,0.000236,Unknown,direct,3.8990198040962994e-05,True,
238073953,0.0220540874398906,ULTRA_SHORT,52,cross_listed,0.0220532935054457,0.0220542682888595,0.022054,9e-06,Unknown,direct,3.964792959004617e-06,True,
238227273,0.495675556159746,SHORT,33,cross_listed,0.495093891277317,0.495397483492895,0.498723,0.00478,Unknown,direct,0.006148061574518893,False,
306119022,0.285103228014144,SHORT,39,cross_listed,0.285372568035215,0.285450514096368,0.285414,0.00122,Unknown,direct,0.0010900332066411328,True,
142487041,0.0417035121381497,ULTRA_SHORT,53,cross_listed,0.0417003428487074,0.0417030116920004,0.041702,2.5e-05,Unknown,direct,3.625925185116285e-05,True,
425057879,0.379690110891691,SHORT,44,published,0.379926962151529,0.380077950213164,0.380234,0.00268,Unknown,direct,0.0014324552910574494,False,
322419186,0.157727014576892,SHORT,33,cross_listed,0.157795814928207,0.1578185511673,0.157854,0.000368,Unknown,direct,0.0008050962192407677,False,
115977778,0.337815921070415,SHORT,33,cross_listed,0.338166268331351,0.338263926796803,0.33821,0.00185,Unknown,direct,0.001166549309861692,True,
38151942,0.0689574309598036,ULTRA_SHORT,53,cross_listed,0.0689474885342087,0.0689532936794372,0.068951,6.7e-05,Unknown,direct,9.325985197082144e-05,True,
198456033,0.0537030273080807,ULTRA_SHORT,52,cross_listed,0.0537000093080546,0.0537045310650257,0.05371,4.2e-05,Unknown,direct,0.000129837967593521,False,
88527494,0.0214058766603578,ULTRA_SHORT,53,cross_listed,0.0198457327171207,0.0198460271161463,0.019846,6e-06,Unknown,disagreement,0.07287142148429664,True,
456609929,0.0792410360460324,ULTRA_SHORT,53,cross_listed,0.0792660846297471,0.0792711596891872,0.079269,9.4e-05,Unknown,direct,0.0003528973794759636,True,
198557860,0.42285569277618,SHORT,43,cross_listed,0.422692952903108,0.422925392382855,0.422808,0.00262,Unknown,direct,0.00011278735747147975,True,
149420896,0.0714100776790501,ULTRA_SHORT,54,cross_listed,0.071406329094733,0.0714126126506196,0.071406,7.2e-05,Unknown,direct,5.710229119797365e-05,False,
252294709,0.0331221923326663,ULTRA_SHORT,53,cross_listed,0.0331247098609663,0.033125909134536,0.033125,1.7e-05,Unknown,direct,8.476695339196094e-05,True,
73201833,0.431618027974443,SHORT,37,cross_listed,0.432432574289961,0.432545510614875,0.432493,0.0029,Unknown,direct,0.002027190638127931,True,
13089351,0.194923184902129,SHORT,33,cross_listed,0.19488416831441,0.194953598271727,1.05969,0.0189,Unknown,disagreement,4.436449237847569,False,
23984433,0.157250707769739,SHORT,33,cross_listed,0.157284650478677,0.157327516602033,1.17106,0.0224,Unknown,disagreement,6.447088897779552,False,
38423705,0.266841037685492,SHORT,62,published,0.266820758902239,0.266835700864738,0.26683,0.00106,Unknown,direct,4.136427285595186e-05,True,
381975024,0.0661836517118228,ULTRA_SHORT,52,cross_listed,0.0661826371409193,0.0661871502752076,0.066185,6.6e-05,Unknown,direct,2.0371921801163326e-05,True,
185476952,0.5,SHORT,33,cross_listed,0.501855901044036,0.50232369607966,0.502076,0.00355,Unknown,direct,0.0041519999999999335,True,
349484636,0.185877890979401,SHORT,37,cross_listed,0.185979028400763,0.185985764880509,0.18598,0.000516,Unknown,direct,0.0005493338667713168,True,
284461108,0.174764418550979,SHORT,38,cross_listed,0.17474183383108,0.174757954771222,0.17477,0.000479,Unknown,direct,3.19369873301252e-05,False,
115551110,0.054920788380831,ULTRA_SHORT,53,cross_listed,0.0549271600588314,0.0549306761002834,0.054929,4.5e-05,Unknown,direct,0.00014951750350087687,True,
231841600,0.440582672541593,SHORT,32,cross_listed,0.440388215046944,0.440675392582789,0.812282,0.00919,Unknown,disagreement,0.8436539851060911,False,
309299238,0.19064144611395,SHORT,49,new_variable,0.190700182945034,0.190753611480808,0.190723,0.000505,Unknown,direct,0.00042778675735206636,True,
421786565,0.130624510060099,SHORT,34,new_variable,0.130654299836257,0.130660573099536,0.130657,0.000266,Unknown,direct,0.00024872774555126555,True,
